"Path","Platform","Compiled","Cooked","Permutations","Compiletime","CompiledDouble","CookedDouble"
"/Engine/EngineMaterials/PhAT_JointLimitMaterial.PhAT_JointLimitMaterial","0","0","14","1","0.000000","0","0"
"/Engine/EngineMaterials/GizmoMaterial.GizmoMaterial","0","0","8","1","0.000000","0","0"
"/Engine/EngineMaterials/M_InvalidLightmapSettings.M_InvalidLightmapSettings","0","0","6","1","0.000000","0","0"
"/Engine/EngineMaterials/EmissiveMeshMaterial.EmissiveMeshMaterial","0","0","10","1","0.000000","0","0"
"/Engine/EngineDebugMaterials/DebugMeshMaterial.DebugMeshMaterial","0","0","10","1","0.000000","0","0"
"/Engine/EngineMaterials/RemoveSurfaceMaterial.RemoveSurfaceMaterial","0","0","2","1","0.000000","0","0"
"/OculusVR/Materials/OculusMR_OpaqueColoredMaterial.OculusMR_OpaqueColoredMaterial","0","0","2","1","0.000000","0","0"
"/OculusVR/Materials/OculusMR_ChromaKey.OculusMR_ChromaKey","0","0","8","1","0.000000","0","0"
"/Engine/EngineDebugMaterials/M_VolumeRenderSphereTracePP.M_VolumeRenderSphereTracePP","0","0","4","1","0.000000","0","0"
"/SpeedTreeImporter/SpeedTree9/SpeedTreeBillboardMaster.SpeedTreeBillboardMaster","0","0","44","1","0.000000","0","0"
"/SpeedTreeImporter/SpeedTree9/SpeedTreeMaster.SpeedTreeMaster","0","0","44","1","0.000000","0","0"
"/Engine/EngineDebugMaterials/WireframeMaterial.WireframeMaterial","0","0","550","1","0.000000","0","0"
"/Engine/EngineDebugMaterials/VertexColorMaterial.VertexColorMaterial","0","0","45","1","0.000000","0","0"
"/Engine/EngineMaterials/DefaultMaterial.DefaultMaterial","0","0","24","1","0.000000","0","0"
"/Engine/ArtTools/RenderToTexture/Materials/Debug/M_Emissive_Color.M_Emissive_Color","0","0","2","1","0.000000","0","0"
"/Paper2D/DefaultSpriteMaterial.DefaultSpriteMaterial","0","0","58","2","0.000000","0","0"
"/OculusVR/Materials/PokeAHoleMaterial.PokeAHoleMaterial","0","0","8","1","0.000000","0","0"
"/Engine/EngineDebugMaterials/M_SimpleUnlitTranslucent.M_SimpleUnlitTranslucent","0","0","8","1","0.000000","0","0"
"/Engine/EditorMaterials/Camera/CineMat.CineMat","0","0","6","1","0.000000","0","0"
"/Engine/VREditor/TransformGizmo/TranslucentTransformGizmoMaterial.TranslucentTransformGizmoMaterial","0","0","8","1","0.000000","0","0"
"/Engine/VREditor/TransformGizmo/TransformGizmoMaterial.TransformGizmoMaterial","0","0","2","1","0.000000","0","0"
"/Engine/EngineMaterials/Widget3DPassThrough.Widget3DPassThrough","0","0","70","6","0.000000","0","0"
"/Engine/VREditor/TransformGizmo/Xray.Xray","0","0","3","1","0.000000","0","0"
"/Engine/VREditor/TransformGizmo/Main.Main","0","0","8","1","0.000000","0","0"
"/Engine/EngineMaterials/BaseFlattenMaterial.BaseFlattenMaterial","0","0","26","1","0.000000","0","0"
"/Engine/EngineSky/VolumetricClouds/m_SimpleVolumetricCloud.m_SimpleVolumetricCloud","0","0","28","1","0.000000","0","0"
"/Engine/EngineMaterials/DefaultPostProcessMaterial.DefaultPostProcessMaterial","0","0","6","1","0.000000","0","0"
"/Engine/EngineMaterials/DefaultLightFunctionMaterial.DefaultLightFunctionMaterial","0","0","17","1","0.000000","0","0"
"/Engine/EngineMaterials/DefaultDeferredDecalMaterial.DefaultDeferredDecalMaterial","0","0","43","1","0.000000","0","0"
"/Engine/EngineMaterials/WorldGridMaterial.WorldGridMaterial","0","0","502","1","0.000000","0","0"
"/Engine/EngineMaterials/DefaultTextMaterialOpaque.DefaultTextMaterialOpaque","0","0","22","1","0.000000","0","0"
"/Game/Blueprints/AOE/Projectile/Materials/paint2.paint2","0","0","43","1","0.000000","0","0"
"/Engine/BasicShapes/BasicShapeMaterial.BasicShapeMaterial","0","0","9","1","0.000000","0","0"
"/Game/Materials/Mat_Fireflies.Mat_Fireflies","0","0","50","1","0.000000","0","0"
"/Game/Blueprints/AOE/Projectile/Materials/paint1.paint1","0","0","54","1","0.000000","0","0"
"/Game/Blueprints/AOE/Splatter/Material/paint3.paint3","0","0","48","1","0.000000","0","0"
"/Game/Animation/Materials/lambert3.lambert3","0","0","6","1","0.000000","0","6"
"/Engine/EditorMaterials/PreviewShadowIndicatorMaterial.PreviewShadowIndicatorMaterial","0","0","17","1","0.000000","0","0"
"/Engine/EngineDebugMaterials/DebugEditorMaterial.DebugEditorMaterial","0","0","8","1","0.000000","0","0"
"/Game/Geometry/Meshes/CubeMaterial.CubeMaterial","0","0","3","1","0.000000","0","0"
"/Engine/EngineSky/M_Sky_Panning_Clouds2.M_Sky_Panning_Clouds2","0","0","2","1","0.000000","0","0"
"/Game/ThirdPerson/Meshes/RampMaterial.RampMaterial","0","0","3","1","0.000000","0","0"
"/Game/StarterContent/Materials/M_Wood_Floor_Walnut_Polished.M_Wood_Floor_Walnut_Polished","0","0","3","1","0.000000","0","0"
"/Game/StarterContent/Materials/M_CobbleStone_Smooth.M_CobbleStone_Smooth","0","0","3","1","0.000000","0","0"
"/Game/StarterContent/Materials/M_Basic_Wall.M_Basic_Wall","0","0","6","1","0.000000","0","0"
"/Game/StarterContent/Props/Materials/M_Frame.M_Frame","0","0","3","1","0.000000","0","0"
"/Game/StarterContent/Materials/M_Glass.M_Glass","0","0","14","1","0.000000","0","0"
"/Game/StarterContent/Particles/Materials/M_Dust_Particle.M_Dust_Particle","0","0","48","1","0.000000","0","0"
"/Game/StarterContent/Materials/M_Wood_Walnut.M_Wood_Walnut","0","0","3","1","0.000000","0","0"
"/Game/StarterContent/Materials/M_Wood_Pine.M_Wood_Pine","0","0","3","1","0.000000","0","0"
"/Game/StarterContent/Materials/M_Wood_Oak.M_Wood_Oak","0","0","3","1","0.000000","0","0"
"/Game/StarterContent/Materials/M_Wood_Floor_Walnut_Worn.M_Wood_Floor_Walnut_Worn","0","0","3","1","0.000000","0","0"
"/Game/StarterContent/Materials/M_Water_Ocean.M_Water_Ocean","0","0","3","1","0.000000","0","0"
"/Game/StarterContent/Materials/M_Water_Lake.M_Water_Lake","0","0","3","1","0.000000","0","0"
"/Game/StarterContent/Materials/M_Tech_Panel.M_Tech_Panel","0","0","3","1","0.000000","0","0"
"/Game/StarterContent/Materials/M_Tech_Hex_Tile_Pulse.M_Tech_Hex_Tile_Pulse","0","0","3","1","0.000000","0","0"
"/Game/StarterContent/Materials/M_Tech_Hex_Tile.M_Tech_Hex_Tile","0","0","3","1","0.000000","0","0"
"/Game/StarterContent/Materials/M_Tech_Checker_Dot.M_Tech_Checker_Dot","0","0","3","1","0.000000","0","0"
"/Game/StarterContent/Materials/M_Rock_Slate.M_Rock_Slate","0","0","3","1","0.000000","0","0"
"/Game/StarterContent/Materials/M_Rock_Sandstone.M_Rock_Sandstone","0","0","3","1","0.000000","0","0"
"/Game/StarterContent/Materials/M_Rock_Marble_Polished.M_Rock_Marble_Polished","0","0","3","1","0.000000","0","0"
"/Game/StarterContent/Materials/M_Rock_Basalt.M_Rock_Basalt","0","0","3","1","0.000000","0","0"
"/Game/StarterContent/Materials/M_Metal_Steel.M_Metal_Steel","0","0","3","1","0.000000","0","0"
"/Game/StarterContent/Materials/M_Metal_Rust.M_Metal_Rust","0","0","3","1","0.000000","0","0"
"/Game/StarterContent/Materials/M_Metal_Gold.M_Metal_Gold","0","0","3","1","0.000000","0","0"
"/Game/StarterContent/Materials/M_Metal_Chrome.M_Metal_Chrome","0","0","3","1","0.000000","0","0"
"/Game/StarterContent/Materials/M_Ground_Moss.M_Ground_Moss","0","0","3","1","0.000000","0","0"
"/Game/StarterContent/Materials/M_Ground_Gravel.M_Ground_Gravel","0","0","3","1","0.000000","0","0"
"/Game/StarterContent/Materials/M_Ground_Grass.M_Ground_Grass","0","0","3","1","0.000000","0","0"
"/Game/StarterContent/Materials/M_Concrete_Tiles.M_Concrete_Tiles","0","0","3","1","0.000000","0","0"
"/Game/StarterContent/Materials/M_Concrete_Panels.M_Concrete_Panels","0","0","3","1","0.000000","0","0"
"/Game/StarterContent/Materials/M_Concrete_Grime.M_Concrete_Grime","0","0","3","1","0.000000","0","0"
"/Game/StarterContent/Materials/M_CobbleStone_Rough.M_CobbleStone_Rough","0","0","3","1","0.000000","0","0"
"/Game/StarterContent/Materials/M_CobbleStone_Pebble.M_CobbleStone_Pebble","0","0","3","1","0.000000","0","0"
"/Game/StarterContent/Materials/M_Ceramic_Tile_Checker.M_Ceramic_Tile_Checker","0","0","3","1","0.000000","0","0"
"/Game/StarterContent/Materials/M_Brick_Hewn_Stone.M_Brick_Hewn_Stone","0","0","3","1","0.000000","0","0"
"/Game/StarterContent/Materials/M_Brick_Cut_Stone.M_Brick_Cut_Stone","0","0","3","1","0.000000","0","0"
"/Game/StarterContent/Materials/M_Brick_Clay_Old.M_Brick_Clay_Old","0","0","3","1","0.000000","0","0"
"/Game/StarterContent/Materials/M_Brick_Clay_New.M_Brick_Clay_New","0","0","3","1","0.000000","0","0"
"/Game/StarterContent/Materials/M_Brick_Clay_Beveled.M_Brick_Clay_Beveled","0","0","3","1","0.000000","0","0"
"/Engine/EngineMaterials/AntiAliasedTextMaterialTranslucent.AntiAliasedTextMaterialTranslucent","0","0","14","1","0.000000","0","0"
"/Game/StarterContent/Materials/M_Concrete_Poured.M_Concrete_Poured","0","0","3","1","0.000000","0","0"
"/Game/StarterContent/Props/Materials/M_TableRound.M_TableRound","0","0","3","1","0.000000","0","0"
"/Game/StarterContent/Props/Materials/M_Statue.M_Statue","0","0","3","1","0.000000","0","0"
"/Game/StarterContent/Props/Materials/M_StatueGlass.M_StatueGlass","0","0","14","1","0.000000","0","0"
"/Game/StarterContent/Props/Materials/M_Chair.M_Chair","0","0","3","1","0.000000","0","0"
"/Game/StarterContent/Materials/M_Metal_Copper.M_Metal_Copper","0","0","3","1","0.000000","0","0"
"/Game/StarterContent/Materials/M_Metal_Burnished_Steel.M_Metal_Burnished_Steel","0","0","3","1","0.000000","0","0"
"/Game/StarterContent/Materials/M_Metal_Brushed_Nickel.M_Metal_Brushed_Nickel","0","0","3","1","0.000000","0","0"
"/Game/StarterContent/Props/Materials/M_Lamp.M_Lamp","0","0","3","1","0.000000","0","0"
"/Game/StarterContent/Particles/Materials/M_smoke_subUV.M_smoke_subUV","0","0","36","1","0.000000","0","0"
"/Game/StarterContent/Particles/Materials/M_Spark.M_Spark","0","0","24","1","0.000000","0","0"
"/Game/StarterContent/Particles/Materials/M_Radial_Gradient.M_Radial_Gradient","0","0","32","1","0.000000","0","0"
"/Game/StarterContent/Particles/Materials/M_Heat_Distortion.M_Heat_Distortion","0","0","36","1","0.000000","0","0"
"/Game/StarterContent/Particles/Materials/M_Fire_SubUV.M_Fire_SubUV","0","0","24","1","0.000000","0","0"
"/Game/StarterContent/Materials/M_Basic_Floor.M_Basic_Floor","0","0","3","1","0.000000","0","0"
"/Engine/EditorMeshes/ColorCalibrator/M_GreyBall.M_GreyBall","0","0","3","1","0.000000","0","0"
"/Engine/EditorMeshes/ColorCalibrator/M_ColorGrid.M_ColorGrid","0","0","3","1","0.000000","0","0"
"/Engine/EditorMeshes/ColorCalibrator/M_ClearCoatBlack.M_ClearCoatBlack","0","0","3","1","0.000000","0","0"
"/Engine/EditorMeshes/ColorCalibrator/M_ClearCoat.M_ClearCoat","0","0","3","1","0.000000","0","0"
"/Engine/EditorMeshes/ColorCalibrator/M_ChromeBall.M_ChromeBall","0","0","6","1","0.000000","0","0"
"/Game/StarterContent/Blueprints/Assets/M_LightStage_Skybox_Master.M_LightStage_Skybox_Master","0","0","4","2","0.000000","0","0"
"/Game/StarterContent/Blueprints/Assets/M_LightStage_Arrows.M_LightStage_Arrows","0","0","2","1","0.000000","0","0"
"/Engine/EditorMaterials/Thumbnails/SkySphereMaterial.SkySphereMaterial","0","0","2","1","0.000000","0","0"
"/Game/StarterContent/Materials/M_AssetPlatform.M_AssetPlatform","0","0","3","1","0.000000","0","0"
"/Game/Materials/Mat_YellowPaintPickup.Mat_YellowPaintPickup","0","0","14","1","0.000000","0","0"
"/Game/Materials/Mat_FlickerLight.Mat_FlickerLight","0","0","17","1","0.000000","0","0"
"/Game/Materials/Mat_PortalPickup.Mat_PortalPickup","0","0","12","1","0.000000","0","0"
"/Game/Blueprints/Testing/Materials/Goal.Goal","0","0","3","1","0.000000","0","0"
"/Game/Materials/Mat_Drops.Mat_Drops","0","0","36","1","0.000000","0","0"
"/Game/Materials/Mat_WaterPikcup.Mat_WaterPikcup","0","0","28","1","0.000000","0","0"
"/Game/Materials/Twisted_Grass_Plant_Stem.Twisted_Grass_Plant_Stem","0","0","24","1","0.000000","0","0"
"/Game/Materials/Twisted_Grass_Plant_LEaf.Twisted_Grass_Plant_Leaf","0","0","24","1","0.000000","0","0"
"/Game/Materials/Twisted_Grass_Plant_Flower.Twisted_Grass_Plant_Flower","0","0","24","1","0.000000","0","0"
"/Game/MushMen/Mush3/lambert7.lambert7","0","0","3","1","0.000000","0","0"
"/Game/MushMen/Mush3/lambert6.lambert6","0","0","3","1","0.000000","0","0"
"/Game/MushMen/Mush2/lambert5.lambert5","0","0","6","1","0.000000","0","0"
"/Game/MushMen/Mush2/lambert4.lambert4","0","0","3","1","0.000000","0","0"
"/Game/Materials/Short_Wide_Plant_Leaf.Short_Wide_Plant_Leaf","0","0","24","1","0.000000","0","0"
"/Game/Materials/Short_Wide_Plant_Flower.Short_Wide_Plant_Flower","0","0","24","1","0.000000","0","0"
"/Game/Materials/Short_Wide_Plant_Anther.Short_Wide_Plant_Anther","0","0","24","1","0.000000","0","0"
"/Game/Geometry/Meshes/Plants/DualFlowers/DualFlowers.DualFlowers","0","0","30","2","0.000000","0","0"
"/Game/Materials/Blue_Rose_Plant_Stem.Blue_Rose_Plant_Stem","0","0","24","1","0.000000","0","0"
"/Game/Materials/Blue_Rose_Plant_Leaf.Blue_Rose_Plant_Leaf","0","0","24","1","0.000000","0","0"
"/Game/Materials/Blue_Rose_Plant_Flower.Blue_Rose_Plant_Flower","0","0","24","1","0.000000","0","0"
"/Game/Mushrooms/MushroomA/HoangMushroomA_HP_lambert1_BaseColor_Mat.HoangMushroomA_HP_lambert1_BaseColor_Mat","0","0","3","1","0.000000","0","0"
"/Game/MushMen/Mush5/Top5.Top5","0","0","3","1","0.000000","0","0"
"/Game/MushMen/Mush5/lambert1.lambert1","0","0","3","1","0.000000","0","0"
"/Game/MushMen/Mush4/MM4T.MM4T","0","0","3","1","0.000000","0","0"
"/Game/MushMen/Mush4/MM4B.MM4B","0","0","3","1","0.000000","0","0"
"/Game/MushMen/Mush1/MM1Top.MM1Top","0","0","3","1","0.000000","0","0"
"/Game/MushMen/Mush1/lambert1.lambert1","0","0","3","1","0.000000","0","0"
"/Game/Blueprints/Testing/Materials/test_Mat.test_Mat","0","0","3","1","0.000000","0","0"
"/Game/Tower_floor_final_3_Mat.Tower_floor_final_3_Mat","0","0","3","1","0.000000","0","0"
"/Game/Blueprints/Testing/Materials/Disappear.Disappear","0","0","12","1","0.000000","0","0"
"/Game/Player/PlayerCharacterV9_lambert1_BaseColor_Mat.PlayerCharacterV9_lambert1_BaseColor_Mat","0","0","6","1","0.000000","0","0"
"/Game/Materials/Mat_Island1.Mat_Island1","0","0","3","1","0.000000","0","0"
"/Game/Materials/Mat_RedPaintPickup.Mat_RedPaintPickup","0","0","12","1","0.000000","0","0"
"/Game/Materials/Mat_PinkPickup.Mat_PinkPickup","0","0","12","1","0.000000","0","0"
"/Engine/EngineSky/M_SkyTimeOfDay.M_SkyTimeOfDay","0","0","8","1","0.000000","0","0"
"/Game/Trees/Tree6/tree6_mat.tree6_mat","0","0","3","1","0.000000","0","0"
"/Game/Trees/Tree5/tree5_mat.tree5_mat","0","0","3","1","0.000000","0","0"
"/Game/Trees/Tree4/tree4_Mat.tree4_Mat","0","0","3","1","0.000000","0","0"
"/Game/Trees/Tree3/lambert1.lambert1","0","0","3","1","0.000000","0","0"
"/Game/Trees/Tree2/lambert3.lambert3","0","0","3","1","0.000000","0","0"
"/Game/Trees/Tree1/treeTexture.treeTexture","0","0","3","1","0.000000","0","0"
"/Game/Trees/BigTree/NEW_BIG_TREE/lambert2.lambert2","0","0","3","1","0.000000","0","0"
"/Game/Tower/mat_Wood.mat_Wood","0","0","3","1","0.000000","0","0"
"/Game/Tower/mat_Window.mat_Window","0","0","3","1","0.000000","0","0"
"/Game/Tower/mat_Tower.mat_Tower","0","0","3","1","0.000000","0","0"
"/Game/Tower/mat_Stones.mat_Stones","0","0","3","1","0.000000","0","0"
"/Game/Rocks/rock4/lambert2.lambert2","0","0","6","1","0.000000","0","0"
"/Game/Rocks/rock3/lambert2.lambert2","0","0","6","1","0.000000","0","0"
"/Game/Rocks/rock2/lambert2.lambert2","0","0","6","1","0.000000","0","0"
"/Game/Rocks/rock1/lambert2.lambert2","0","0","6","1","0.000000","0","0"
"/Game/Pedestal/lambert1.lambert1","0","0","3","1","0.000000","0","0"
"/Game/Trees/BigTree/BigTree.BigTree","0","0","3","1","0.000000","0","0"
"/Game/OldWell/mat_Wood.mat_Wood","0","0","3","1","0.000000","0","0"
"/Game/OldWell/mat_Well.mat_Well","0","0","3","1","0.000000","0","0"
"/Game/OldWell/mat_Planks.mat_Planks","0","0","3","1","0.000000","0","0"
"/Game/OldWell/mat_Stones1.mat_Stones1","0","0","3","1","0.000000","0","0"
"/Game/Mushrooms/MushroomH/HoangMushroomH_lambert1_BaseColor_Mat.HoangMushroomH_lambert1_BaseColor_Mat","0","0","3","1","0.000000","0","0"
"/Game/Mushrooms/MushroomF/HoangMushroomF_lambert1_BaseColor_Mat.HoangMushroomF_lambert1_BaseColor_Mat","0","0","3","1","0.000000","0","0"
"/Game/Mushrooms/MushroomC/HoangMushroomC_lambert1_BaseColor_Mat.HoangMushroomC_lambert1_BaseColor_Mat","0","0","3","1","0.000000","0","0"
"/Game/Mushrooms/MushroomG/HoangMushroomG_lambert1_BaseColor_Mat.HoangMushroomG_lambert1_BaseColor_Mat","0","0","3","1","0.000000","0","0"
"/Game/Mushrooms/MushroomD/alt_HoangMushroomD_lambert1_BaseColor_Mat.alt_HoangMushroomD_lambert1_BaseColor_Mat","0","0","3","1","0.000000","0","0"
"/Game/Mushrooms/MushroomB/alt_HoangMushroomB_lambert1_BaseColor_Mat.alt_HoangMushroomB_lambert1_BaseColor_Mat","0","0","3","1","0.000000","0","0"
"/Game/Logs/Log2/lambert1.lambert1","0","0","6","1","0.000000","0","0"
"/Game/Axe/material/lambert1.lambert1","0","0","3","1","0.000000","0","0"
"/Game/Blueprints/Misc/basic_color.basic_color","0","0","3","1","0.000000","0","0"
"/Game/Walls.Walls","0","0","3","1","0.000000","0","0"
"/Game/Floor1.Floor1","0","0","3","1","0.000000","0","0"
"/Game/Wall_.Wall_","0","0","3","1","0.000000","0","0"
"/Game/Floor2.Floor2","0","0","3","1","0.000000","0","0"
"/Game/Water.Water","0","0","3","1","0.000000","0","0"
"/Game/Wall.Wall","0","0","3","1","0.000000","0","0"
"/Game/Floor.Floor","0","0","3","1","0.000000","0","0"
"/Game/Materials/Mat_Water.Mat_Water","0","0","28","1","0.000000","0","0"
"/Game/Sewer/lambert2.lambert2","0","0","3","1","0.000000","0","0"
"/Game/Gates/lambert1.lambert1","0","0","3","1","0.000000","0","0"
"/Game/Levels/Water.Water","0","0","3","1","0.000000","0","0"
"/Game/Plants/lambert1.lambert1","0","0","3","1","0.000000","0","3"
"/Game/PortalPaint/NewFolder/Light_RT_Mat1.Light_RT_Mat1","0","0","21","1","0.000000","0","0"
"/Game/PortalPaint/NewFolder/Dark_RT_Mat.Dark_RT_Mat","0","0","21","1","0.000000","0","0"
"/Engine/EngineMeshes/M_Mat_UnrealTech.M_Mat_UnrealTech","0","0","3","1","0.000000","0","0"
"/Engine/TemplateResources/M_Template_Master.M_Template_Master","0","0","6","1","0.000000","0","0"
"/Game/KiteDemo/Environments/Foliage/Grass/FieldGrass/Mat_ToonGrass_Anim.Mat_ToonGrass_Anim","0","0","44","1","0.000000","0","0"
"/Game/Materials/Materials/Mat_Leaves.Mat_Leaves","0","0","28","1","0.000000","0","0"
"/Game/Materials/Mat_ToonShade.Mat_ToonShade","0","0","4","1","0.000000","0","0"
"/Game/Materials/Mat_TempTower.Mat_TempTower","0","0","3","1","0.000000","0","0"
"/Game/Materials/Mat_Sky.Mat_Sky","0","0","8","1","0.000000","0","0"
"/Game/Geometry/Meshes/Default_Material.Default_Material","0","0","3","1","0.000000","0","0"
"/Game/Mat_Hedge.Mat_Hedge","0","0","3","1","0.000000","0","0"
"/Game/Materials/Mat_Island6.Mat_Island6","0","0","3","1","0.000000","0","0"
"/Game/Materials/Mat_Island4.Mat_Island4","0","0","3","1","0.000000","0","0"
"/Game/Geometry/Meshes/mat_Wood.mat_Wood","0","0","3","1","0.000000","0","0"
"/Game/Geometry/Meshes/mat_Window.mat_Window","0","0","3","1","0.000000","0","0"
"/Game/Geometry/Meshes/mat_Tower.mat_Tower","0","0","3","1","0.000000","0","0"
"/Game/Blueprints/Non-Euclidean/Materials/LookingOutTowerBaseMat.LookingOutTowerBaseMat","0","0","3","1","0.000000","0","0"
"/Game/Blueprints/Non-Euclidean/Materials/BaseOutLookingIn_Mat.BaseOutLookingIn_Mat","0","0","3","1","0.000000","0","0"
"/Game/WoodenCart/Default_Material.Default_Material","0","0","3","1","0.000000","0","0"
"/Game/Water_Can_House/Wood.Wood","0","0","3","1","0.000000","0","0"
"/Game/Water_Can_House/Watering_Can1.Watering_Can1","0","0","3","1","0.000000","0","0"
"/Game/Water_Can_House/Sunflower.Sunflower","0","0","3","1","0.000000","0","0"
"/Game/Water_Can_House/Petals2.Petals2","0","0","3","1","0.000000","0","0"
"/Game/Water_Can_House/Leaf_Roof.Leaf_Roof","0","0","3","1","0.000000","0","0"
"/Game/Water_Can_House/Flower_Bud1.Flower_Bud1","0","0","3","1","0.000000","0","0"
"/Game/Water_Can_House/Door_knob.Door_knob","0","0","3","1","0.000000","0","0"
"/Game/Water_Can_House/Daisy4.Daisy4","0","0","3","1","0.000000","0","0"
"/Game/Vase/Vase_Mat.Vase_Mat","0","0","3","1","0.000000","0","0"
"/Game/Table_Forest/M_Table.M_Table","0","0","3","1","0.000000","0","0"
"/Game/Sunflower/NewMaterial.NewMaterial","0","0","24","1","0.000000","0","0"
"/Game/Stairs/Stair_Mat_Main.Stair_Mat_Main","0","0","3","1","0.000000","0","0"
"/Game/Materials/Mat_Stairs.Mat_Stairs","0","0","3","1","0.000000","0","0"
"/Game/SmallFence/WoodSmall.WoodSmall","0","0","20","1","0.000000","0","0"
"/Game/Rocks/Small_rock.Small_rock","0","0","3","1","0.000000","0","0"
"/Game/Rocks/lambert1.lambert1","0","0","3","1","0.000000","0","0"
"/Game/Pumpkin_House/Pumpkin_House_Mat.Pumpkin_House_Mat","0","0","3","1","0.000000","0","0"
"/Game/PrincessTextures/Princess1.Princess1","0","0","3","1","0.000000","0","0"
"/Game/PotionBottles/M_RoundBot.M_RoundBot","0","0","3","1","0.000000","0","0"
"/Game/PotionBottles/M_Cork.M_Cork","0","0","3","1","0.000000","0","0"
"/Game/PotionBottles/M_Bot.M_Bot","0","0","3","1","0.000000","0","0"
"/Game/Materials/Mat_Waterfall.Mat_Waterfall","0","0","36","1","0.000000","0","0"
"/Game/Outhouse/M_Outhouse_T.M_Outhouse_T","0","0","3","1","0.000000","0","0"
"/Game/Mushrooms/MushroomE/HoangMushroomE_lambert1_BaseColor_Mat.HoangMushroomE_lambert1_BaseColor_Mat","0","0","3","1","0.000000","0","0"
"/Game/Mushroom_House/lambert12.lambert12","0","0","3","1","0.000000","0","0"
"/Game/Mushroom_House/lambert11.lambert11","0","0","3","1","0.000000","0","0"
"/Game/MedFence/MedWood.MedWood","0","0","3","1","0.000000","0","0"
"/Game/MushroomBoys/Mush5/Top5.Top5","0","0","6","1","0.000000","0","0"
"/Game/MushroomBoys/Mush5/lambert2.lambert2","0","0","6","1","0.000000","0","0"
"/Game/MushroomBoys/Mush4/MM4T.MM4T","0","0","6","1","0.000000","0","0"
"/Game/MushroomBoys/Mush4/MM4B.MM4B","0","0","6","1","0.000000","0","0"
"/Game/MushroomBoys/Mush3/lambert7.lambert7","0","0","6","1","0.000000","0","0"
"/Game/MushroomBoys/Mush3/lambert6.lambert6","0","0","6","1","0.000000","0","0"
"/Game/MushroomBoys/Mush2/lambert5.lambert5","0","0","6","1","0.000000","0","0"
"/Game/MushroomBoys/Mush2/lambert4.lambert4","0","0","6","1","0.000000","0","0"
"/Game/Gnome_Animated/WinterGnome/lambert4.lambert4","0","0","6","1","0.000000","0","0"
"/Game/Gnome_Animated/SpringGnome/lambert11.lambert11","0","0","6","1","0.000000","0","0"
"/Game/Gnome_Animated/MushGnome/lambert12.lambert12","0","0","6","1","0.000000","0","0"
"/Game/Gnome_Animated/FallGnome/lambert7.lambert7","0","0","6","1","0.000000","0","0"
"/Game/Materials/Mat_Platforms.Mat_Platforms","0","0","3","1","0.000000","0","0"
"/Game/Materials/Mat_CloudDeck.Mat_CloudDeck","0","0","24","1","0.000000","0","0"
"/Game/Logs/Log1/lambert1.lambert1","0","0","6","1","0.000000","0","0"
"/Game/Gnome_Animated/ChefGnome/lambert2.lambert2","0","0","6","1","0.000000","0","0"
"/Game/King_Textures/King.King","0","0","3","1","0.000000","0","0"
"/Game/Tapestry/Rack.Rack","0","0","3","1","0.000000","0","0"
"/Game/Tapestry/Banner1.Banner1","0","0","3","1","0.000000","0","0"
"/Game/Materials/Mat_TreeLeaves.Mat_TreeLeaves","0","0","44","1","0.000000","0","0"
"/Game/Materials/Mat_Island5.Mat_Island5","0","0","3","1","0.000000","0","0"
"/Game/Materials/Mat_Island3.Mat_Island3","0","0","3","1","0.000000","0","0"
"/Game/Materials/Mat_Island2.Mat_Island2","0","0","3","1","0.000000","0","0"
"/Game/Drawbridge/lambert29.lambert29","0","0","3","1","0.000000","0","0"
"/Game/Drawbridge/lambert30.lambert30","0","0","3","1","0.000000","0","0"
"/Game/Drawbridge/lambert23.lambert23","0","0","3","1","0.000000","0","0"
"/Game/Drawbridge/lambert24.lambert24","0","0","3","1","0.000000","0","0"
"/Game/Drawbridge/lambert27.lambert27","0","0","3","1","0.000000","0","0"
"/Game/Drawbridge/lambert32.lambert32","0","0","6","1","0.000000","0","0"
"/Game/Drawbridge/lambert31.lambert31","0","0","6","1","0.000000","0","0"
"/Game/Drawbridge/lambert28.lambert28","0","0","6","1","0.000000","0","0"
"/Game/Drawbridge/lambert26.lambert26","0","0","6","1","0.000000","0","0"
"/Game/Drawbridge/lambert25.lambert25","0","0","6","1","0.000000","0","0"
"/Game/ChefHatHouse/M_ChefHatHouse.M_ChefHatHouse","0","0","3","1","0.000000","0","0"
"/Game/Chair/lambert1.lambert1","0","0","3","1","0.000000","0","0"
"/Game/FixedFence/FixedFenceMat.FixedFenceMat","0","0","3","1","0.000000","0","0"
"/Game/Easel/M_Easel.M_Easel","0","0","3","1","0.000000","0","0"
"/Game/Chair_Forest/lambert1.lambert1","0","0","3","1","0.000000","0","0"
"/Game/Candle/M_Candle.M_Candle","0","0","3","1","0.000000","0","0"
"/Game/Bridge/materials/lambert2.lambert2","0","0","3","1","0.000000","0","0"
"/Game/Books/BS_Mat4.BS_Mat4","0","0","3","1","0.000000","0","0"
"/Game/Books/BS_Mat3.BS_Mat3","0","0","3","1","0.000000","0","0"
"/Game/Books/BS_Mat2.BS_Mat2","0","0","3","1","0.000000","0","0"
"/Game/Books/BS_Mat6.BS_Mat6","0","0","3","1","0.000000","0","0"
"/Game/Books/BS_Mat5.BS_Mat5","0","0","3","1","0.000000","0","0"
"/Game/Books/Solo_Book_Mat.Solo_Book_Mat","0","0","3","1","0.000000","0","0"
"/Game/Books/Open_book_Mat.Open_book_Mat","0","0","3","1","0.000000","0","0"
"/Game/Materials/Mat_FinalPickup.Mat_FinalPickup","0","0","12","1","0.000000","0","0"
"/Game/Materials/Mat_VFX_Shockwave.Mat_VFX_Shockwave","0","0","14","1","0.000000","0","0"
"/Game/Bed_Forest/M_Bed.M_Bed","0","0","3","1","0.000000","0","0"
"/Game/Materials/Pedestal_Textures/Mat_Pedestal.Mat_Pedestal","0","0","3","1","0.000000","0","0"
"/Game/Materials/MM_White.MM_White","0","0","3","1","0.000000","0","0"
"/Game/StarterContent/Textures/T_Wood_Floor_Walnut_Mat.T_Wood_Floor_Walnut_Mat","0","0","3","1","0.000000","0","0"
"/Game/ApplePickUp/M_ApplePickUp.M_ApplePickUp","0","0","3","1","0.000000","0","0"
"/Game/Tower_texture_final_03_Mat.Tower_texture_final_03_Mat","0","0","3","1","0.000000","0","0"
"/Game/Materials/Mat_DoorShadows.Mat_DoorShadows","0","0","24","1","0.000000","0","0"
"/Game/Materials/Door2Target_Mat.Door2Target_Mat","0","0","2","1","0.000000","0","0"
"/Game/ToyBoat/M_ToyBoatYellow.M_ToyBoatYellow","0","0","3","1","0.000000","0","0"
"/Game/ToyBoat/M_ToyBoatBlue.M_ToyBoatBlue","0","0","3","1","0.000000","0","0"
"/Game/Swing/M_Swing_T.M_Swing_T","0","0","3","1","0.000000","0","0"
"/Game/SoapHouse3/SoapHouse3V2/House3V2.House3V2","0","0","3","1","0.000000","0","0"
"/Game/SoapHouse3/SoapHouse3V1/Windows3V1.Windows3V1","0","0","3","1","0.000000","0","0"
"/Game/SoapFountain/SoapFountain1.SoapFountain1","0","0","3","1","0.000000","0","0"
"/Game/Slide/M_Slide_T.M_Slide_T","0","0","3","1","0.000000","0","0"
"/Game/MerryGoRound/M_MGR_T.M_MGR_T","0","0","3","1","0.000000","0","0"
"/Game/Materials/Mat_Bubbles.Mat_Bubbles","0","0","84","1","0.000000","0","0"
"/Game/SoapHouse3/SoapHouse3V3/Windows3V3.Windows3V3","0","0","3","1","0.000000","0","0"
"/Game/SoapHouse3/SoapHouse3V3/House3V3.House3V3","0","0","3","1","0.000000","0","0"
"/Game/SoapHouse3/SoapHouse3V2/Windows3V2.Windows3V2","0","0","3","1","0.000000","0","0"
"/Game/SoapHouse3/SoapHouse3V1/House3V1.House3V1","0","0","3","1","0.000000","0","0"
"/Game/SoapHouse02/Variant3/NewMaterial.NewMaterial","0","0","3","1","0.000000","0","0"
"/Game/SoapHouse02/Variant2/NewMaterial.NewMaterial","0","0","3","1","0.000000","0","0"
"/Game/SoapHouse02/Variant1/NewMaterial.NewMaterial","0","0","3","1","0.000000","0","0"
"/Game/Materials/Materials/Mat_BubbleSky.Mat_BubbleSky","0","0","8","1","0.000000","0","0"
"/Game/Geometry/Meshes/MonkeyBars/Monkeybar.Monkeybar","0","0","3","1","0.000000","0","0"
"/Game/Geometry/Meshes/MonkeyBars/ArcSupport.ArcSupport","0","0","3","1","0.000000","0","0"
"/Game/Bubble_Tree/Tree_Bush2_Mat.Tree_Bush2_Mat","0","0","3","1","0.000000","0","0"
"/Game/Bubble_Tree/Tree_Bush_Mat.Tree_Bush_Mat","0","0","3","1","0.000000","0","0"
"/Game/Bubble_Tree/Tree_Base2_Mat.Tree_Base2_Mat","0","0","3","1","0.000000","0","0"
"/Game/Bubble_House2/BH-Variation_2/Materials/BH_TopV2_Mat.BH_TopV2_Mat","0","0","3","1","0.000000","0","0"
"/Game/Bubble_House2/BH-Variation_2/Materials/BH_BaseV2_Mat.BH_BaseV2_Mat","0","0","3","1","0.000000","0","0"
"/Game/Bubble_House2/BH-Variation_1/Materials/BH_TopV1_Mat.BH_TopV1_Mat","0","0","3","1","0.000000","0","0"
"/Game/Bubble_House2/BH-Variation_1/Materials/BH_BaseV1_Mat.BH_BaseV1_Mat","0","0","3","1","0.000000","0","0"
"/Game/Bubble_Gate/lambert1.lambert1","0","0","3","1","0.000000","0","0"
"/Game/bubble_Street_Lights/Material/lambert1.lambert1","0","0","3","1","0.000000","0","0"
"/Game/Bubble_House2/BH-Variation_3/Materials/BH_TopV3Mat.BH_TopV3Mat","0","0","3","1","0.000000","0","0"
"/Game/Bubble_House2/BH-Variation_3/Materials/BH_BaseV3Mat.BH_BaseV3Mat","0","0","3","1","0.000000","0","0"
"/Game/Bubble_Garland/Smol_Bubbles.Smol_Bubbles","0","0","3","1","0.000000","0","0"
"/Game/Bubble_Garland/Every_Other_Smol_Bubble.Every_Other_Smol_Bubble","0","0","3","1","0.000000","0","0"
"/Game/Bubble_Garland/Every_Other_Big_Bubble.Every_Other_Big_Bubble","0","0","3","1","0.000000","0","0"
"/Game/Bubble_Garland/Big_Bubble.Big_Bubble","0","0","3","1","0.000000","0","0"
"/Game/Bubble_Bridge/lambert1.lambert1","0","0","3","1","0.000000","0","0"
"/Game/Materials/Bubble_Wand_Violet.Bubble_Wand_Violet","0","0","6","1","0.000000","0","0"
"/Game/Materials/Bubble_Wand_Green.Bubble_Wand_Green","0","0","6","1","0.000000","0","0"
"/Game/Materials/Bubble_Wand_Red.Bubble_Wand_Red","0","0","6","1","0.000000","0","0"
"/Game/Materials/Bubble_Wand_Yellow.Bubble_Wand_Yellow","0","0","3","1","0.000000","0","0"
"/Game/Materials/Bubble_Wand_Cyan.Bubble_Wand_Cyan","0","0","6","1","0.000000","0","0"
"/Game/BubbleTurbine/M_BubbleTurbine_T1.M_BubbleTurbine_T1","0","0","3","1","0.000000","0","0"
"/Game/BubbleTrash/BubbleTrashBlue.BubbleTrashBlue","0","0","3","1","0.000000","0","0"
"/Game/BubbleTrash/BubbleTrashRed.BubbleTrashRed","0","0","3","1","0.000000","0","0"
"/Game/BubbleTrash/BubbleTrashPurple.BubbleTrashPurple","0","0","3","1","0.000000","0","0"
"/Game/BubbleTrash/BubbleTrashPink.BubbleTrashPink","0","0","3","1","0.000000","0","0"
"/Game/Bubbleopolis/NewFolder/Bubble_brick_texture_01_Mat.Bubble_brick_texture_01_Mat","0","0","3","1","0.000000","0","0"
"/Game/Bubbleopolis/Current/Materials/walkways.walkways","0","0","3","1","0.000000","0","0"
"/Game/Bubbleopolis/Current/Materials/towers.towers","0","0","3","1","0.000000","0","0"
"/Game/Bubbleopolis/Current/Materials/pedestal.pedestal","0","0","3","1","0.000000","0","0"
"/Game/Bubbleopolis/Current/Materials/lambert.lambert","0","0","3","1","0.000000","0","0"
"/Game/Bubbleopolis/Current/Materials/ground.ground","0","0","3","1","0.000000","0","0"
"/Game/Bubbleopolis/Current/Materials/fountain.fountain","0","0","3","1","0.000000","0","0"
"/Game/Bubbleopolis/Current/Materials/walls.walls","0","0","3","1","0.000000","0","0"
"/Game/Bench_Bubble/lambert1.lambert1","0","0","3","1","0.000000","0","0"
"/Game/Animation/Soap_Chara/soapBud.soapBud","0","0","6","1","0.000000","0","0"
"/Game/Bubbleopolis/NewFolder/floor.floor","0","0","3","1","0.000000","0","0"
"/Game/Bubble_Staircase/M_Staircase_T.M_Staircase_T","0","0","3","1","0.000000","0","0"
"/Game/Bubble_Staircase/Bubble_texture_Mat.Bubble_texture_Mat","0","0","3","1","0.000000","0","0"
"/Game/Bathtub/Materials/BT_Tap.BT_Tap","0","0","3","1","0.000000","0","0"
"/Game/Bathtub/Materials/BT_Stairs.BT_Stairs","0","0","3","1","0.000000","0","0"
"/Game/Bathtub/Materials/BT_Silver.BT_Silver","0","0","3","1","0.000000","0","0"
"/Game/Bathtub/Materials/BT_Main.BT_Main","0","0","3","1","0.000000","0","0"
"/Game/Soap.Soap","0","0","6","1","0.000000","0","0"
"/Game/Trees/Tree3/lambert4.lambert4","0","0","3","1","0.000000","0","0"
"/Game/Trees/Tree2/lambert1.lambert1","0","0","3","1","0.000000","0","0"
"/Game/Trees/Tree1/lambert1.lambert1","0","0","3","1","0.000000","0","0"
"/Game/ToyBoat/M_ToyBoatRed.M_ToyBoatRed","0","0","3","1","0.000000","0","0"
"/Game/Tower/Tower_Platform.Tower_Platform","0","0","3","1","0.000000","0","0"
"/Game/ThirdPersonBP/Blueprints/textures_yellow/MC_ForEngine_V3_lambert2_BaseColor_Mat.MC_ForEngine_V3_lambert2_BaseColor_Mat","0","0","3","1","0.000000","0","0"
"/Game/ThirdPersonBP/Blueprints/textures_cyan/MC_ForEngine_V3_lambert2_BaseColor_Mat.MC_ForEngine_V3_lambert2_BaseColor_Mat","0","0","3","1","0.000000","0","0"
"/Game/ThirdPersonBP/Blueprints/textures-red/MC_ForEngine_V3_lambert2_BaseColor_Mat.MC_ForEngine_V3_lambert2_BaseColor_Mat","0","0","3","1","0.000000","0","0"
"/Game/ThirdPersonBP/Blueprints/textures-magenta/MC_ForEngine_V3_lambert2_BaseColor_Mat.MC_ForEngine_V3_lambert2_BaseColor_Mat","0","0","3","1","0.000000","0","0"
"/Game/ThirdPersonBP/Blueprints/textures-green/MC_ForEngine_V3_lambert2_BaseColor_Mat.MC_ForEngine_V3_lambert2_BaseColor_Mat","0","0","3","1","0.000000","0","0"
"/Game/Sun_Rise/The_Sun.The_Sun","0","0","3","1","0.000000","0","0"
"/Game/Sun_Rise/Sun_Beams.Sun_Beams","0","0","3","1","0.000000","0","0"
"/Game/StarterContent/Props/Materials/M_Shelf.M_Shelf","0","0","3","1","0.000000","0","0"
"/Game/StarterContent/Props/Materials/M_Rock.M_Rock","0","0","3","1","0.000000","0","0"
"/Game/StarterContent/Props/Materials/M_MaterialSphere_Plain.M_MaterialSphere_Plain","0","0","3","1","0.000000","0","0"
"/Game/StarterContent/Props/Materials/M_MaterialSphere.M_MaterialSphere","0","0","3","1","0.000000","0","0"
"/Game/StarterContent/Props/Materials/M_Door.M_Door","0","0","3","1","0.000000","0","0"
"/Game/StarterContent/Props/Materials/M_Bush.M_Bush","0","0","22","1","0.000000","0","0"
"/Game/StarterContent/Particles/Materials/M_radial_ramp.M_radial_ramp","0","0","32","1","0.000000","0","0"
"/Game/StarterContent/Particles/Materials/m_flare_01.m_flare_01","0","0","32","1","0.000000","0","0"
"/Game/StarterContent/Particles/Materials/M_explosion_subUV.M_explosion_subUV","0","0","24","1","0.000000","0","0"
"/Game/StarterContent/Particles/Materials/M_Burst.M_Burst","0","0","30","1","0.000000","0","0"
"/Game/StarterContent/Materials/M_ColorGrid_LowSpec.M_ColorGrid_LowSpec","0","0","3","1","0.000000","0","0"
"/Game/Stairs/Broken_Stair_Pieces/Rubble_Piece5_Mat.Rubble_Piece5_Mat","0","0","3","1","0.000000","0","0"
"/Game/Stairs/Broken_Stair_Pieces/Rubble_Piece4_Mat.Rubble_Piece4_Mat","0","0","3","1","0.000000","0","0"
"/Game/Stairs/Broken_Stair_Pieces/Rubble_Piece3_Mat.Rubble_Piece3_Mat","0","0","3","1","0.000000","0","0"
"/Game/Stairs/Broken_Stair_Pieces/Rubble_Piece2_Mat.Rubble_Piece2_Mat","0","0","3","1","0.000000","0","0"
"/Game/Stairs/Broken_Stair_Pieces/Rubble_Piece1_Mat.Rubble_Piece1_Mat","0","0","3","1","0.000000","0","0"
"/Game/Stairs/lambert1.lambert1","0","0","3","1","0.000000","0","0"
"/Game/SoapHouse/lambert1.lambert1","0","0","3","1","0.000000","0","0"
"/Game/SoapBuddy/soapBud.soapBud","0","0","3","1","0.000000","0","0"
"/Game/SewerLadder/lambert1.lambert1","0","0","3","1","0.000000","0","0"
"/Game/Rocks/Big_rock.Big_rock","0","0","3","1","0.000000","0","0"
"/Game/Player/PlayerCharacterYellow.PlayerCharacterYellow","0","0","6","1","0.000000","0","0"
"/Game/Player/playerCharacterRed.playerCharacterRed","0","0","6","1","0.000000","0","0"
"/Game/Player/PlayerCharacterMag.PlayerCharacterMag","0","0","6","1","0.000000","0","0"
"/Game/Player/PlayerCharacterBlue.PlayerCharacterBlue","0","0","6","1","0.000000","0","0"
"/Game/Player/NewMaterial.NewMaterial","0","0","3","1","0.000000","0","0"
"/Game/Plants/stem.stem","0","0","3","1","0.000000","0","3"
"/Game/Plants/leaf.leaf","0","0","3","1","0.000000","0","3"
"/Game/Plants/Flower.Flower","0","0","3","1","0.000000","0","3"
"/Game/Plants/Anther.Anther","0","0","3","1","0.000000","0","3"
"/Game/Materials/Mat_Shadows.Mat_Shadows","0","0","72","1","0.000000","0","0"
"/Game/PaintSplatterTextures/Paint_Splatter1_Mat.Paint_Splatter1_Mat","0","0","43","1","0.000000","0","0"
"/Engine/EngineMaterials/DefaultParticle.DefaultParticle","0","0","126","1","0.000000","0","0"
"/Game/Paintstation/Paint_Bottles.Paint_Bottles","0","0","3","1","0.000000","0","0"
"/Game/Paintstation/Metal.Metal","0","0","3","1","0.000000","0","0"
"/Game/Paintstation/Knob.Knob","0","0","3","1","0.000000","0","0"
"/Game/Paintstation/Cups.Cups","0","0","3","1","0.000000","0","0"
"/Game/Paintstation/Cabinet.Cabinet","0","0","3","1","0.000000","0","0"
"/Game/Paintstation/Brushes.Brushes","0","0","3","1","0.000000","0","0"
"/Game/PaintSplatterTextures/RED1_Mat.RED1_Mat","0","0","15","1","0.000000","0","0"
"/Game/PaintSplatterTextures/LIGHT_GREEN1_Mat.LIGHT_GREEN1_Mat","0","0","15","1","0.000000","0","0"
"/Game/PaintSplatterTextures/DARK_GREEN1_Mat.DARK_GREEN1_Mat","0","0","15","1","0.000000","0","0"
"/Game/PaintSplatterTextures/BLUE1_Mat.BLUE1_Mat","0","0","15","1","0.000000","0","0"
"/Game/Geometry/Meshes/NonEuclideanHallway/lambert1.lambert1","0","0","3","1","0.000000","0","3"
"/Game/MushroomBoys/Mush1/MM1Top1.MM1Top1","0","0","6","1","0.000000","0","0"
"/Game/MushroomBoys/Mush1/lambert3.lambert3","0","0","6","1","0.000000","0","0"
"/Game/Materials/T_Tiles_Textues/Tiles_Stone/M_Tile_Stone_3.M_Tile_Stone_3","0","0","3","1","0.000000","0","0"
"/Game/Materials/T_Tiles_Textues/Tiles_Stone/M_Tile_Stone_2.M_Tile_Stone_2","0","0","3","1","0.000000","0","0"
"/Game/Materials/T_Tiles_Textues/Tiles_Stone/M_Tile_Stone_1.M_Tile_Stone_1","0","0","3","1","0.000000","0","0"
"/Game/Materials/Stair_Textures/Mat_Stairs.Mat_Stairs","0","0","3","1","0.000000","0","0"
"/Game/Materials/Materials/OLDWATER.OLDWATER","0","0","20","1","0.000000","0","0"
"/Game/Materials/Materials/Mat_Sky.Mat_Sky","0","0","8","1","0.000000","0","0"
"/Game/Materials/King_Textures/King.King","0","0","3","1","0.000000","0","0"
"/Game/Materials/DIRT_Textures/dirt_Mat.dirt_Mat","0","0","3","1","0.000000","0","0"
"/Game/Materials/Mat_ToonGrass_Anim.Mat_ToonGrass_Anim","0","0","44","1","0.000000","0","0"
"/Game/Materials/Mat_testPaint.Mat_testPaint","0","0","12","1","0.000000","0","0"
"/Game/Materials/Mat_Sparks.Mat_Sparks","0","0","24","1","0.000000","0","0"
"/Game/Materials/Mat_Plant_Standin.Mat_Plant_Standin","0","0","3","1","0.000000","0","0"
"/Game/Materials/Mat_Paver.Mat_Paver","0","0","6","1","0.000000","0","0"
"/Game/Materials/Mat_Leaves.Mat_Leaves","0","0","28","1","0.000000","0","0"
"/Game/Materials/Mat_invis.Mat_invis","0","0","24","1","0.000000","0","0"
"/Game/Materials/Mat_GravityPickup.Mat_GravityPickup","0","0","3","1","0.000000","0","0"
"/Game/Materials/Mat_Emissive.Mat_Emissive","0","0","36","1","0.000000","0","0"
"/Game/Materials/Mat_Cel.Mat_Cel","0","0","4","1","0.000000","0","0"
"/Game/Materials/Door1Target_Mat.Door1Target_Mat","0","0","2","1","0.000000","0","0"
"/Game/Mannequin/Character/Materials/M_UE4Man_Body.M_UE4Man_Body","0","0","104","2","0.000000","0","0"
"/Game/Levers/M_UniqueSwitch3Runes.M_UniqueSwitch3Runes","0","0","3","1","0.000000","0","0"
"/Game/Levers/M_UniqueSwitch3LEver.M_UniqueSwitch3LEver","0","0","3","1","0.000000","0","0"
"/Game/Levers/M_UniqueSwitch2Runes.M_UniqueSwitch2Runes","0","0","3","1","0.000000","0","0"
"/Game/Levers/M_UniqueSwitch2Levers.M_UniqueSwitch2Levers","0","0","3","1","0.000000","0","0"
"/Game/Levers/M_UniqueSwitch1Runes.M_UniqueSwitch1Runes","0","0","3","1","0.000000","0","0"
"/Game/Levers/M_UniqueSwitch1Lever.M_UniqueSwitch1Lever","0","0","3","1","0.000000","0","0"
"/Game/Levers/M_Base_Lever.M_Base_Lever","0","0","3","1","0.000000","0","0"
"/Game/Gnomes/WinterGnome/lambert1.lambert1","0","0","3","1","0.000000","0","0"
"/Game/Gnomes/Gnome_Winter_Poly_lambert2_BaseColor_Mat.Gnome_Winter_Poly_lambert2_BaseColor_Mat","0","0","3","1","0.000000","0","0"
"/Game/Gnomes/gnome_spring_lambert1_BaseColor_Mat.gnome_spring_lambert1_BaseColor_Mat","0","0","3","1","0.000000","0","0"
"/Game/Gnomes/Gnome_Mushroom_Low_lambert1_BaseColor_Mat.Gnome_Mushroom_Low_lambert1_BaseColor_Mat","0","0","3","1","0.000000","0","0"
"/Game/Gnomes/Gnome_Fall_Low_lambert1_BaseColor_Mat.Gnome_Fall_Low_lambert1_BaseColor_Mat","0","0","6","1","0.000000","0","0"
"/Game/Statues/lambert1.lambert1","0","0","3","1","0.000000","0","0"
"/Game/Geometry/Meshes/SmallTable/Textures/SmallTable1.SmallTable1","0","0","3","1","0.000000","0","0"
"/Game/Geometry/Meshes/lambert1.lambert1","0","0","6","1","0.000000","0","0"
"/Game/Geometry/Meshes/Pipes/Texture/PipeBody.PipeBody","0","0","3","1","0.000000","0","0"
"/Game/Geometry/Meshes/Pipes/Texture/Nut1.Nut1","0","0","3","1","0.000000","0","0"
"/Game/Geometry/Meshes/Pipes/Texture/Bolt1.Bolt1","0","0","3","1","0.000000","0","0"
"/Game/Geometry/Meshes/DuckHousing/Textures/Twigs.Twigs","0","0","3","1","0.000000","0","0"
"/Game/Geometry/Meshes/DuckHousing/Textures/Nest1.Nest1","0","0","3","1","0.000000","0","0"
"/Game/Geometry/Meshes/DuckHousing/Textures/Leaf6.Leaf6","0","0","3","1","0.000000","0","0"
"/Game/Geometry/Meshes/DuckHousing/Textures/EggShell.EggShell","0","0","3","1","0.000000","0","0"
"/Game/Geometry/Meshes/Material__5.Material__5","0","0","24","1","0.000000","0","0"
"/Game/Geometry/Meshes/Mat_ToonGrass.Mat_ToonGrass","0","0","3","1","0.000000","0","0"
"/Game/Geometry/Meshes/Material__25.Material__25","0","0","12","1","0.000000","0","0"
"/Game/Fence/WornFenceSmall/lambert1.lambert1","0","0","3","1","0.000000","0","0"
"/Game/Fence/WornFenceMed/lambert1.lambert1","0","0","3","1","0.000000","0","0"
"/Game/Fence/FixedFence/lambert1.lambert1","0","0","3","1","0.000000","0","0"
"/Game/Fence/lambert4.lambert4","0","0","3","1","0.000000","0","0"
"/Game/Fence/HP_Worn_Fence_Small.HP_Worn_Fence_Small","0","0","3","1","0.000000","0","0"
"/Game/Fence/HP_Worn_Fence_Med.HP_Worn_Fence_Med","0","0","3","1","0.000000","0","0"
"/Game/Fence/HP_Fixed_Fence.HP_Fixed_Fence","0","0","3","1","0.000000","0","0"
"/Game/Dresser/Wall_to_Floor.Wall_to_Floor","0","0","6","1","0.000000","0","0"
"/Game/Dresser/Top_Doors.Top_Doors","0","0","6","1","0.000000","0","0"
"/Game/Dresser/Right_Drawer.Right_Drawer","0","0","6","1","0.000000","0","0"
"/Game/Dresser/Random_Bits.Random_Bits","0","0","6","1","0.000000","0","0"
"/Game/Dresser/Left_Drawer.Left_Drawer","0","0","6","1","0.000000","0","0"
"/Game/Dresser/Cabinet_Door_Pieces.Cabinet_Door_Pieces","0","0","6","1","0.000000","0","0"
"/Game/Dresser/Bottom_Doors.Bottom_Doors","0","0","6","1","0.000000","0","0"
"/Game/Dresser/Bookshelf_Top_Pieces.Bookshelf_Top_Pieces","0","0","6","1","0.000000","0","0"
"/Game/Dialogue/lambert1.lambert1","0","0","3","1","0.000000","0","0"
"/Game/Bubble_Tree/Tree_Base_Mat.Tree_Base_Mat","0","0","3","1","0.000000","0","0"
"/Game/Bubble_House2/Misc/lambert3.lambert3","0","0","3","1","0.000000","0","0"
"/Game/Bubble_House2/Misc/lambert1.lambert1","0","0","3","1","0.000000","0","0"
"/Game/BubbleTurbine/M_BubbleTurbine_T.M_BubbleTurbine_T","0","0","3","1","0.000000","0","0"
"/Game/BubbleTrash/lambert1.lambert1","0","0","3","1","0.000000","0","0"
"/Game/BubbleTrash/BubbleTrashYellow.BubbleTrashYellow","0","0","3","1","0.000000","0","0"
"/Game/Bubbleopolis/V2/Materials/Waterway_top.Waterway_top","0","0","3","1","0.000000","0","0"
"/Game/Bubbleopolis/V2/Materials/waterway_side.waterway_side","0","0","3","1","0.000000","0","0"
"/Game/Bubbleopolis/V2/Materials/waterway_bottom.waterway_bottom","0","0","3","1","0.000000","0","0"
"/Game/Bubbleopolis/V2/Materials/walls_top.walls_top","0","0","3","1","0.000000","0","0"
"/Game/Bubbleopolis/V2/Materials/walls_side.walls_side","0","0","3","1","0.000000","0","0"
"/Game/Bubbleopolis/V2/Materials/Walls_Bottom.Walls_Bottom","0","0","3","1","0.000000","0","0"
"/Game/Bubbleopolis/V2/Materials/Walkway_sideing.Walkway_sideing","0","0","3","1","0.000000","0","0"
"/Game/Bubbleopolis/V2/Materials/Walkway.Walkway","0","0","3","1","0.000000","0","0"
"/Game/Bubbleopolis/V2/Materials/Tower_top.Tower_top","0","0","3","1","0.000000","0","0"
"/Game/Bubbleopolis/V2/Materials/Tower_side.Tower_side","0","0","3","1","0.000000","0","0"
"/Game/Bubbleopolis/V2/Materials/pillar_top.pillar_top","0","0","3","1","0.000000","0","0"
"/Game/Bubbleopolis/V2/Materials/pillar_side.pillar_side","0","0","3","1","0.000000","0","0"
"/Game/Bubbleopolis/V2/Materials/lambert1.lambert1","0","0","3","1","0.000000","0","0"
"/Game/Bubbleopolis/Ground.Ground","0","0","3","1","0.000000","0","0"
"/Game/Bubbleopolis/V2/Materials/fountain_top.fountain_top","0","0","3","1","0.000000","0","0"
"/Game/Bubbleopolis/V2/Materials/base_plat_wall.base_plat_wall","0","0","3","1","0.000000","0","0"
"/Game/Bubbleopolis/V2/Materials/base_plat_top.base_plat_top","0","0","3","1","0.000000","0","0"
"/Game/Bubbleopolis/NewFolder/walls.walls","0","0","3","1","0.000000","0","0"
"/Game/Bubbleopolis/NewFolder/lambert20.lambert20","0","0","3","1","0.000000","0","0"
"/Game/Bubbleopolis/Waterway_top.Waterway_top","0","0","3","1","0.000000","0","0"
"/Game/Bubbleopolis/waterway_side.waterway_side","0","0","3","1","0.000000","0","0"
"/Game/Bubbleopolis/waterway_bottom.waterway_bottom","0","0","3","1","0.000000","0","0"
"/Game/Bubbleopolis/walls_top.walls_top","0","0","3","1","0.000000","0","0"
"/Game/Bubbleopolis/walls_side.walls_side","0","0","3","1","0.000000","0","0"
"/Game/Bubbleopolis/Walls_Bottom.Walls_Bottom","0","0","3","1","0.000000","0","0"
"/Game/Bubbleopolis/Walkway_sideing.Walkway_sideing","0","0","3","1","0.000000","0","0"
"/Game/Bubbleopolis/Walkway.Walkway","0","0","3","1","0.000000","0","0"
"/Game/Bubbleopolis/Tower_top.Tower_top","0","0","3","1","0.000000","0","0"
"/Game/Bubbleopolis/Tower_side.Tower_side","0","0","3","1","0.000000","0","0"
"/Game/Bubbleopolis/pillar_top.pillar_top","0","0","3","1","0.000000","0","0"
"/Game/Bubbleopolis/pillar_side.pillar_side","0","0","3","1","0.000000","0","0"
"/Game/Bubbleopolis/base_plat_wall.base_plat_wall","0","0","3","1","0.000000","0","0"
"/Game/Bubbleopolis/base_plat_top.base_plat_top","0","0","3","1","0.000000","0","0"
"/Game/Bubbleopolis/Ground1.Ground1","0","0","3","1","0.000000","0","0"
"/Game/Bubbleopolis/lambert1.lambert1","0","0","3","1","0.000000","0","0"
"/Game/Bubbleopolis/fountain_top.fountain_top","0","0","3","1","0.000000","0","0"
"/Game/Bridge/materials/Default_Material.Default_Material","0","0","3","1","0.000000","0","0"
"/Game/Bridge/materials/lambert3.lambert3","0","0","12","1","0.000000","0","0"
"/Game/BookCase/M_Cabinet_Door_Pieces.M_Cabinet_Door_Pieces","0","0","6","1","0.000000","0","0"
"/Game/BookCase/M_BookShelve_Pieces.M_BookShelve_Pieces","0","0","6","1","0.000000","0","0"
"/Game/BookCase/M_Bookshelf_Top_Pieces.M_Bookshelf_Top_Pieces","0","0","6","1","0.000000","0","0"
"/Game/BookCase/M_BookShelfSide_Wall_Pieces.M_BookShelfSide_Wall_Pieces","0","0","6","1","0.000000","0","0"
"/Game/BookCase/M_BookshelfKnobs.M_BookshelfKnobs","0","0","6","1","0.000000","0","0"
"/Game/BookCase/M_BookshelfBacking.M_BookshelfBacking","0","0","6","1","0.000000","0","0"
"/Game/Bathtub/Materials/lambert5.lambert5","0","0","3","1","0.000000","0","0"
"/Game/Bathtub/Materials/lambert4.lambert4","0","0","3","1","0.000000","0","0"
"/Game/Bathtub/Materials/lambert3.lambert3","0","0","3","1","0.000000","0","0"
"/Game/Bathtub/Materials/lambert2.lambert2","0","0","3","1","0.000000","0","0"
